501201001,捷運美麗島站(10號出口),新興區,23,22.6321300,120.3021200
501201002,捷運美麗島站(2號出口),新興區,40,22.6303500,120.3017500
501201003,捷運美麗島站(5號出口),新興區,23,22.6311800,120.3031000
501201004,七賢洛陽街口,新興區,15,22.6341600,120.3094500
501201005,中山七賢路口西南側,新興區,19,22.6342200,120.3020900
501201006,中山八德路口西南側,新興區,28,22.6356500,120.3021900
501201007,新興高中,新興區,19,22.6239900,120.3034600
501201008,新興公園西南側,新興區,25,22.6360100,120.3121900
501201009,中正和平路口西北側,新興區,20,22.6304100,120.3177100
501201010,六合錦田路口,新興區,10,22.6323500,120.3109700
501201011,捷運信義國小站(5號出口),新興區,22,22.6307300,120.3129200
501201012,高雄市財稅行政大樓,新興區,18,22.6306900,120.3097700
501201013,復興民權街口,新興區,22,22.6241800,120.3088300
501201014,忠孝公園,新興區,19,22.6271700,120.3057500
501201015,捷運中央公園站(2號出口),新興區,25,22.6238900,120.3012400
501201016,捷運中央公園站(3號出口),新興區,26,22.6268400,120.3015200
501201017,捷運美麗島站(9號出口),新興區,27,22.6325200,120.3020300
501201018,捷運信義國小站(1號出口),新興區,21,22.6310800,120.3103000
501201019,六合公園(七賢路),新興區,28,22.6342000,120.3059000
501201020,中山民生圓環,新興區,24,22.6279000,120.3014900
501201021,捷運美麗島站(7號出口),新興區,15,22.6314300,120.3034300
501201022,捷運美麗島站(6號出口),新興區,16,22.6311100,120.3043100
501201023,民族八德路口,新興區,28,22.6353900,120.3134100
501201024,高雄高商(復興路),新興區,24,22.6251600,120.3084500
501201025,民權民生路口,新興區,24,22.6272300,120.3108600
501201026,大同國小(大同路),新興區,15,22.6282300,120.2989500
501201027,民族河南路口,新興區,11,22.6361200,120.3138800
501201028,七賢民族二路口,新興區,20,22.6338800,120.3131000
501201029,六合公園(六合一路),新興區,13,22.6328330,120.3055300
501201030,中正忠孝一路口,新興區,15,22.6309800,120.3062100
501202001,中正民族路口(東南角),苓雅區,14,22.6304400,120.3136700
501202002,捷運文化中心站(2號出口),苓雅區,27,22.6301500,120.3177200
501202003,苓雅國中,苓雅區,30,22.6185500,120.3071900
501202004,高雄師範大學(學生宿舍),苓雅區,42,22.6266400,120.3194800
501202005,高雄師範大學(活動中心),苓雅區,26,22.6238800,120.3205400
501202006,自來水公園,苓雅區,16,22.6275800,120.3149200
501202007,中正高中,苓雅區,19,22.6261800,120.3382600
501202009,泰順河南路口,苓雅區,16,22.6319200,120.3198400
501202010,捷運衛武營站(4號出口),苓雅區,22,22.6249900,120.3417700
501202011,正道公園,苓雅區,15,22.6346100,120.3353900
501202012,苓雅中正國小,苓雅區,20,22.6302700,120.3333000
501202013,復華高中,苓雅區,17,22.6210700,120.3132500
501202014,凱旋同慶路口(西南角),苓雅區,18,22.6277500,120.3223600
501202015,高雄市衛生局,苓雅區,16,22.6262000,120.3254900
501202016,民權永富街口,苓雅區,17,22.6176700,120.3139900
501202017,福居兒童遊戲場,苓雅區,20,22.6208500,120.3344800
501202018,金馬公有停車場,苓雅區,21,22.6237300,120.3340200
501202019,捷運五塊厝站(2號出口),苓雅區,17,22.6297700,120.3271700
501202020,武廟市場停車場,苓雅區,16,22.6290800,120.3318200
501202021,三信家商,苓雅區,28,22.6221400,120.3292800
501202022,行仁行禮街口,苓雅區,14,22.6259600,120.3432700
501202023,中華興中路口(東南角),苓雅區,15,22.6145600,120.3017700
501202024,四維行政大樓,苓雅區,15,22.6213800,120.3124800
501202025,環球影城(大順三路),苓雅區,14,22.6322400,120.3252900
501202026,福德公有停車場,苓雅區,30,22.6328800,120.3278900
501202027,福康國小,苓雅區,15,22.6191600,120.3306200
501202028,正心公園,苓雅區,13,22.6341900,120.3326400
501202029,捷運五塊厝站(4號出口),苓雅區,30,22.6292500,120.3279100
501202030,捷運技擊館站(1號出口),苓雅區,23,22.6278100,120.3336100
501202031,捷運衛武營(5號出口),苓雅區,15,22.6257300,120.3423200
501202032,正義車站,苓雅區,20,22.6339800,120.3431700
501202033,科工館車站,苓雅區,40,22.6370290,120.3263330
501202034,捷運三多商圈站(2號出口),苓雅區,16,22.6125600,120.3049100
501202035,捷運三多商圈站(7號出口),苓雅區,30,22.6148200,120.3040700
501202036,捷運三多商圈站(5號出口),苓雅區,39,22.6143500,120.3046600
501202037,捷運文化中心站(3號出口),苓雅區,25,22.6297700,120.3182500
501202038,中正正言路口,苓雅區,28,22.6289600,120.3289900
501202039,捷運技擊館站(2號出口),苓雅區,26,22.6273700,120.3336500
501202040,四維行政中心(四維三路),苓雅區,45,22.6199600,120.3114500
501202041,高雄市文化中心(和平一路),苓雅區,28,22.6252000,120.3197000
501202042,道明中學,苓雅區,41,22.6331300,120.3235600
501202043,四維公園,苓雅區,21,22.6157200,120.2990900
501202044,輕軌旅運中心站,苓雅區,20,22.6128000,120.2921000
501202045,高雄市文化中心(廣州一街),苓雅區,28,22.6249800,120.3169700
501202046,正義市場,苓雅區,25,22.6312200,120.3385800
501202047,生日公園,苓雅區,22,22.6178200,120.3050300
501202048,國際商工,苓雅區,20,22.6210100,120.3257400
501202049,凱旋醫院,苓雅區,20,22.6248900,120.3240500
501202050,輕軌光榮碼頭站,苓雅區,16,22.6172800,120.2935600
501202051,捷運衛武營站(3號出口),苓雅區,28,22.6249400,120.3411100
501202052,英明公園,苓雅區,27,22.6163500,120.3248800
501202053,長青綜合服務中心,苓雅區,15,22.6231200,120.3220900
501202054,財政部高雄國稅局,苓雅區,15,22.6230300,120.3175900
501202055,成功國小(華新街),苓雅區,15,22.6140900,120.2973600
501202056,福德河北路口(東南側),苓雅區,12,22.6269600,120.3269000
501202057,高雄師大附中(凱旋二路),苓雅區,35,22.6256000,120.3232100
501202058,四維國小(民權一路),苓雅區,15,22.6229700,120.3125200
501202059,五塊厝公園,苓雅區,20,22.6275700,120.3273600
501202060,同慶停車場,苓雅區,21,22.6282000,120.3233000
501202061,三多廣州二街口,苓雅區,11,22.6187700,120.3195700
501202062,北凱旋公園,苓雅區,10,22.6301200,120.3223700
501202063,和平五福一路口,苓雅區,20,22.6287300,120.3187000
501202064,林靖公園,苓雅區,16,22.6235000,120.3269200
501202065,中華苓雅二路口,苓雅區,15,22.6178600,120.3001600
501202066,武廟大順三路口,苓雅區,10,22.6316900,120.3242100
501202067,福東國小,苓雅區,15,22.6239400,120.3288900
501202068,中山四維四路口,苓雅區,18,22.6173400,120.3031200
501202069,五權國小,苓雅區,15,22.6204400,120.3239600
501202070,民權四維三路口,苓雅區,16,22.6198200,120.3131500
501202071,福安公園,苓雅區,17,22.6248300,120.3310900
501202072,三多和平一路口,苓雅區,20,22.6199300,120.3227000
501202073,四維河南路口,苓雅區,11,22.6257200,120.3291300
501202074,輕軌凱旋公園站,苓雅區,20,22.6297200,120.3227500
501202075,輕軌凱旋武昌站,苓雅區,20,22.6172300,120.3266900
501202076,和平和平一路80巷口,苓雅區,20,22.6222200,120.3212000
501202077,凱旋凱旋三路915巷口,苓雅區,17,22.6196100,120.3255500
501202078,苓洲國小,苓雅區,25,22.6149100,120.3012400
501202079,武昌武昌路40巷口,苓雅區,20,22.6186700,120.3356900
501202080,中山苓雅二路口,苓雅區,26,22.6187700,120.3025500
501202081,捷運三多商圈站(6號出口),苓雅區,23,22.6148400,120.3042300
501202082,海邊新田路口,苓雅區,23,22.6188100,120.2930700
501202083,國民市場(仁愛三街),苓雅區,24,22.6214870,120.3088100
501202084,三多文橫二路口,苓雅區,21,22.6149330,120.3070150
501202085,高雄國軍英雄館,苓雅區,24,22.6203900,120.2929100
501202086,民權興中一路口,苓雅區,11,22.6186800,120.3141500
501202087,高雄市青少年籃球場,苓雅區,20,22.6254600,120.3333200
501202088,海邊苓中路口,苓雅區,30,22.6159500,120.2926800
501202089,輕軌旅運中心站(海邊路),苓雅區,23,22.6117700,120.2934800
501202090,三多公有停車場,苓雅區,18,22.6240100,120.3380200
501202091,凱旋青樹,苓雅區,23,22.6383200,120.3176800
501203001,建國同愛街口西北側,三民區,20,22.6379100,120.3004700
501203002,市立高雄高級中學,三民區,23,22.6379800,120.2975000
501203003,建國同愛街口東側,三民區,19,22.6377300,120.3013700
501203004,河北二中華三路口,三民區,16,22.6351000,120.2937700
501203005,河濱國小,三民區,20,22.6349900,120.2874100
501203006,河東路建國三路口,三民區,15,22.6339200,120.2858500
501203007,中華遼北街口,三民區,15,22.6471200,120.2915300
501203008,建國錦田路口西北側,三民區,16,22.6374900,120.3105200
501203009,凱歌憲政路口,三民區,14,22.6360100,120.3180300
501203010,遼寧哈爾濱街口,三民區,33,22.6428700,120.2993900
501203011,文興公園,三民區,15,22.6390200,120.2860700
501203012,三民國小,三民區,17,22.6365800,120.2919000
501203013,三塊厝車站,三民區,24,22.6396000,120.2947200
501203014,堯山延慶街口,三民區,16,22.6433100,120.3164800
501203015,山東承德街口,三民區,12,22.6426400,120.3114700
501203016,國立科學工藝博物館,三民區,17,22.6418000,120.3210500
501203017,高雄醫學大學,三民區,68,22.6489900,120.3102400
501203018,民族九如路口,三民區,18,22.6399800,120.3137600
501203019,十全民族路口,三民區,15,22.6448000,120.3147100
501203020,捷運後驛站(1號出口北側),三民區,20,22.6482600,120.3031300
501203021,義德公園,三民區,20,22.6443700,120.3353100
501203022,三民公園南側,三民區,19,22.6454100,120.3041600
501203023,捷運後驛站(3號出口),三民區,18,22.6492900,120.3034700
501203024,正興國小,三民區,17,22.6459900,120.3281200
501203025,高雄科技大學東北側,三民區,51,22.6517500,120.3284500
501203026,鼎中路199巷口,三民區,15,22.6633400,120.3192000
501203027,大裕昌富街口,三民區,15,22.6570400,120.3287000
501203028,捷運後驛站(1號出口南側),三民區,25,22.6473900,120.3031700
501203029,建民公園,三民區,33,22.6465000,120.3178700
501203030,三民高中東側,三民區,30,22.6606800,120.3285600
501203031,鼎金國民中學,三民區,17,22.6559700,120.3207100
501203032,獅湖國小,三民區,19,22.6726300,120.3213200
501203033,鼎泰廣場公園,三民區,27,22.6643700,120.3161000
501203034,陽明網球中心,三民區,23,22.6454400,120.3395200
501203035,寶華兒童公園,三民區,17,22.6383000,120.3413400
501203036,大順九如路口,三民區,22,22.6393300,120.3277900
501203037,高雄市立正興國民中學,三民區,20,22.6439400,120.3198400
501203038,高雄市立民族國民中學西北側,三民區,15,22.6406280,120.3321980
501203039,皓東路17巷口,三民區,15,22.6490200,120.3311400
501203040,博愛九如二路(東北側),三民區,24,22.6413760,120.3029900
501203041,民族一路543巷口,三民區,25,22.6667600,120.3146900
501203042,褒揚廣場,三民區,17,22.6417800,120.3395200
501203043,三民高中西側,三民區,38,22.6634900,120.3262800
501203044,明誠聯興路口,三民區,29,22.6597800,120.3135800
501203045,熱河自由路口,三民區,18,22.6435300,120.3093300
501203046,民族大昌路口,三民區,22,22.6589900,120.3155500
501203047,民族車站,三民區,25,22.6388300,120.3151200
501203048,正興公有停車場,三民區,16,22.6463000,120.3190000
501203049,大昌春陽街口,三民區,27,22.6471200,120.3320000
501203050,捷運後驛站(2號出口),三民區,46,22.6481800,120.3035100
501203051,博愛同盟路口,三民區,24,22.6527500,120.3038900
501203052,科工館,三民區,27,22.6396070,120.3239760
501203053,高雄中學(東側),三民區,26,22.6379400,120.2987500
501203054,客家文物館,三民區,22,22.6505700,120.2957200
501203055,金獅湖,三民區,28,22.6651000,120.3216700
501203056,文藻外語大學,三民區,22,22.6711700,120.3209500
501203057,莊敬公園,三民區,26,22.6596200,120.3247500
501203058,高雄高工,三民區,44,22.6503800,120.3256300
501203059,鼎金國小,三民區,26,22.6561700,120.3227600
501203060,寶業里滯洪池,三民區,22,22.6399900,120.3463400
501203061,義民廟,三民區,16,22.6424900,120.3336700
501203062,公二公園,三民區,15,22.6360500,120.3434100
501203063,鼎山大順路口,三民區,16,22.6530800,120.3187400
501203064,同盟博愛路口,三民區,16,22.6516300,120.3020000
501203065,三民游泳池,三民區,16,22.6424800,120.3087100
501203066,河堤南自由路口,三民區,16,22.6543600,120.3088700
501203067,陽明公園,三民區,13,22.6453600,120.3412700
501203068,金獅湖橋,三民區,15,22.6663300,120.3252200
501203069,光武國小,三民區,16,22.6381900,120.3346400
501203070,美都公園,三民區,15,22.6465700,120.2890200
501203071,高雄車站(九如二路),三民區,37,22.6412600,120.3019300
501203072,高雄車站(建國二路),三民區,18,22.6378200,120.3036700
501203073,河東河北路口,三民區,24,22.6330300,120.2860800
501203074,明堤公園,三民區,27,22.6629200,120.3122000
501203075,陽明溜冰場,三民區,15,22.6431300,120.3395400
501203076,精華公園,三民區,16,22.6423200,120.2992400
501203077,檨仔林埤濕地公園,三民區,15,22.6708400,120.3247800
501203078,河北立德街口,三民區,16,22.6355300,120.2949400
501203079,灣福兒童公園,三民區,13,22.6535900,120.3172400
501203080,建國林森路口,三民區,21,22.6375200,120.3049600
501203081,東光國小,三民區,22,22.6496300,120.3407800
501203082,鼎泰廣場,三民區,39,22.6637400,120.3153600
501203083,本安生態滯洪公園,三民區,10,22.6509100,120.3374000
501203084,建國三路中庸街口,三民區,11,22.6356000,120.2895200
501203085,河北二路中庸街口,三民區,10,22.6341700,120.2909000
501203086,民族社區老人活動中心,三民區,18,22.6401300,120.3163600
501203087,陽明義華路口,三民區,35,22.6426900,120.3421200
501203088,同盟十全路口,三民區,14,22.6489400,120.2860800
501203089,中華熱河三街口,三民區,12,22.6448700,120.2914800
501203090,中華九如三路口,三民區,10,22.6423200,120.2913200
501203091,中庸中華橫路口,三民區,13,22.6414800,120.2871900
501203092,自立自立一路161巷口,三民區,20,22.6395900,120.2964100
501203093,大園大和街口,三民區,13,22.6558700,120.3252300
501203094,大順民族路口,三民區,16,22.6557200,120.3150700
501203095,民族聯興路50巷口,三民區,33,22.6567300,120.3153100
501203096,河堤明哲路口,三民區,22,22.6615200,120.3116000
501203097,明誠鼎愛街口,三民區,11,22.6602900,120.3212900
501203098,灣仔內兒童遊戲場,三民區,16,22.6501600,120.3206600
501203099,寶德里廣場,三民區,21,22.6414300,120.3352800
501203100,建國忠孝一路口,三民區,19,22.6376100,120.3070900
501203101,中都聯合里民中心,三民區,14,22.6446200,120.2828200
501203102,九如自立一路口,三民區,19,22.6416700,120.2961600
501203103,愛國國小,三民區,17,22.6433400,120.3128300
501203104,博愛熱河二街口,三民區,19,22.6444100,120.3028100
501203105,九如中華二路口,三民區,11,22.6419700,120.2918800
501203106,華德華德街98巷口,三民區,12,22.6478500,120.3226500
501203107,三民公園(北側),三民區,14,22.6474100,120.3053700
501203108,寶業滯洪公園(澄清路),三民區,23,22.6387200,120.3451400
501203109,博愛國小,三民區,26,22.6452100,120.3075700
501203110,高雄車站(西側),三民區,36,22.6400200,120.3015900
501203111,三民區公所,三民區,11,22.6477900,120.2999300
501203112,寶安里活動中心,三民區,15,22.6409900,120.3288600
501203113,十全康平街口,三民區,19,22.6465000,120.2943800
501203114,自由察哈爾一街口,三民區,28,22.6475400,120.3090300
501203115,正義車站(鐵道街),三民區,28,22.6343100,120.3416400
501203116,南區環保公園,三民區,17,22.6629000,120.3286000
501203117,中山河北一路口,三民區,16,22.6367020,120.3024840
501203118,鐵道復興一路口,三民區,20,22.6390300,120.3085900
501203119,鐵道九如一路381巷口,三民區,20,22.6363100,120.3316100
501203121,鐵道三中庸街口,三民區,24,22.6372500,120.2885100
501203122,中華橫巷力行路口,三民區,20,22.6393600,120.2907200
501203123,大豐大豐二路19巷口,三民區,23,22.6464400,120.3260600
501203124,同盟孝順街,三民區,18,22.6473100,120.3130070
501203125,同盟大連街,三民區,25,22.6520000,120.3055400
501203126,鐵道建國一路62巷口,三民區,18,22.6351600,120.3375400
501203127,高雄第一殯儀館(本館路600巷),三民區,20,22.6605080,120.3334100
501203128,高雄第一殯儀館(家屬服務中心),三民區,15,22.6616520,120.3324200
501203129,澄清澄明街口,三民區,16,22.6452800,120.3467400
501203130,建興正忠路口,三民區,17,22.6421500,120.3301000
501203131,榕樹公園,三民區,20,22.6444800,120.2894200
501203132,天祥天祥一路142巷口,三民區,10,22.6677300,120.3190500
501203133,秋元皓東路口,三民區,14,22.6523500,120.3364600
501203134,同盟合江街口,三民區,17,22.6506900,120.3083200
501203135,鐵道平等路口,三民區,15,22.6380300,120.3207600
501203136,灣愛公園,三民區,15,22.6598700,120.3181900
501203137,三民區民眾活動中心,三民區,25,22.6495000,120.3246800
501203138,鐵道憲政路138巷口,三民區,20,22.6375900,120.3235700
501203139,民族自忠街口,三民區,15,22.6463200,120.3142900
501203140,博愛九如二路口(西北側),三民區,28,22.6414300,120.3025500
501203141,鐵道同盟三路口,三民區,16,22.6365100,120.2856200
501203142,高雄車站(東南側),三民區,19,22.6378500,120.3034200
501203143,大順鐵道一街口,三民區,26,22.6368500,120.3271800
501203144,大順寶興路口,三民區,10,22.6444600,120.3262500
501204001,高雄國際會議中心,鹽埕區,25,22.6261700,120.2862400
501204002,鹽埕國中,鹽埕區,13,22.6225500,120.2880000
501204003,捷運鹽埕埔站(1號出口),鹽埕區,44,22.6229000,120.2833400
501204004,公園大成街口,鹽埕區,14,22.6195110,120.2871580
501204005,鹽埕區敬老亭,鹽埕區,16,22.6316800,120.2853300
501204007,輕軌真愛碼頭站,鹽埕區,21,22.6197800,120.2889300
501204008,駁二藝術特區(必信街),鹽埕區,15,22.6193800,120.2848100
501204009,鹽埕立體停車場,鹽埕區,20,22.6249500,120.2859100
501204010,新樂截流抽水站,鹽埕區,23,22.6230000,120.2891500
501204011,輕軌文武聖殿站,鹽埕區,15,22.6291600,120.2807100
501204012,五福建國路口東南側,鹽埕區,14,22.6250800,120.2804000
501204013,七賢府北路口西側,鹽埕區,15,22.6296200,120.2851300
501204014,高雄市音樂館,鹽埕區,16,22.6278400,120.2869300
501204015,大安公園,鹽埕區,15,22.6239300,120.2784800
501204016,公園二大義街口,鹽埕區,20,22.6202300,120.2857400
501204017,公園二大勇路口,鹽埕區,15,22.6215800,120.2829300
501204018,公園二七賢三路口,鹽埕區,24,22.6229000,120.2801500
501204020,輕軌駁二蓬萊站,鹽埕區,20,22.6206900,120.2797500
501204021,大義截流站,鹽埕區,20,22.6189800,120.2841100
501204022,公園二光榮街口,鹽埕區,16,22.6209100,120.2843300
501204023,七賢大公路口,鹽埕區,15,22.6274200,120.2827800
501204024,鹽埕市民廣場,鹽埕區,14,22.6258300,120.2850900
501205001,高雄文學館,前金區,17,22.6257200,120.2976500
501205002,捷運市議會站(2號出口),前金區,33,22.6283300,120.2941000
501205003,東金公園,前金區,19,22.6313100,120.2940900
501205004,河南自強路口,前金區,17,22.6341000,120.2916700
501205005,自強民生路口西北側,前金區,22,22.6256100,120.2951600
501205006,建國國小,前金區,20,22.6316800,120.2977000
501205007,中正瑞源路口西南側,前金區,12,22.6297700,120.2975000
501205008,七賢自強路口東北側,前金區,15,22.6322500,120.2928600
501205009,中山五福路口西北側,前金區,25,22.6234200,120.3009800
501205010,五福自強路口東南側,前金區,14,22.6216500,120.2969500
501205011,高雄女中,前金區,30,22.6208500,120.2926700
501205012,中山青年路口西北側,前金區,20,22.6203100,120.3019800
501205013,前金國中,前金區,21,22.6305600,120.2903600
501205014,光復三市中路口,前金區,23,22.6233500,120.2923400
501205015,河南二路75號北側,前金區,9,22.6357400,120.2965100
501205018,高雄市救國團,前金區,18,22.6287800,120.2944300
501205019,高雄市政府警察局,前金區,28,22.6277400,120.2908500
501205020,高雄女中(英雄路口),前金區,30,22.6207900,120.2936600
501205021,高雄市立大同醫院,前金區,15,22.6275500,120.2968400
501205022,七賢河東路口,前金區,15,22.6302900,120.2872900
501205023,五福仁德街口,前金區,15,22.6227900,120.2994900
501205025,捷運中央公園站(1號出口),前金區,40,22.6239300,120.3010400
501205026,捷運市議會站(4號出口),前金區,19,22.6295000,120.2954700
501205027,前金國小(成功路),前金區,10,22.6258300,120.2931700
501205028,捷運市議會站(1號出口),前金區,10,22.6291700,120.2938000
501205029,七賢成功路口東北側,前金區,10,22.6316300,120.2910500
501205030,立德棒球場(旺盛街),前金區,10,22.6298500,120.2882000
501205031,河東民生路口,前金區,27,22.6240000,120.2903800
501205033,行政院南部聯合服務中心(舊址),前金區,15,22.6295000,120.2917700
501205034,五福成功一路口,前金區,28,22.6212000,120.2946800
501205035,河南中華三路口,前金區,16,22.6345500,120.2930700
501205036,國民市中一路口,前金區,15,22.6250900,120.2916800
501205037,五福文武二街口,前金區,16,22.6220900,120.2974800
501205038,河南市中一路口,前金區,20,22.6330400,120.2884500
501205039,七賢新盛一街口,前金區,17,22.6331700,120.2955100
501206001,台鐵鳳山站(曹公路),鳳山區,48,22.6319900,120.3577600
501206002,清湖公園,鳳山區,18,22.6441800,120.3497700
501206003,捷運鳳山站(1號出口),鳳山區,46,22.6258100,120.3561000
501206004,文山兒童四公園,鳳山區,22,22.6407600,120.3502700
501206005,捷運鳳山國中站(1號出口),鳳山區,35,22.6245300,120.3709900
501206006,鳳山商工(文衡路),鳳山區,20,22.6362800,120.3567800
501206007,鎮北國小,鳳山區,16,22.6429000,120.3686700
501206008,鳳山區公所,鳳山區,17,22.6274600,120.3625500
501206009,文澄兒童公園,鳳山區,17,22.6439000,120.3535700
501206010,文福文化西路口,鳳山區,15,22.6339300,120.3455500
501206011,保安休憩公園,鳳山區,14,22.5981100,120.3440700
501206012,曹公國小,鳳山區,20,22.6280400,120.3572600
501206013,鳳山行政中心,鳳山區,18,22.6295200,120.3426600
501206014,瑞竹兒童公園,鳳山區,15,22.6257000,120.3699900
501206015,捷運大東站(1號出口),鳳山區,50,22.6254900,120.3632600
501206016,鳳山運動公園,鳳山區,18,22.6167400,120.3407700
501206017,國立鳳新高中(新富路),鳳山區,40,22.6129800,120.3429200
501206018,保安濕地公園,鳳山區,14,22.5927100,120.3530200
501206019,南和公園,鳳山區,20,22.5963900,120.3354500
501206020,衛武營公園,鳳山區,17,22.6171900,120.3443900
501206021,瑞隆東同明街口,鳳山區,15,22.6063100,120.3431400
501206022,老爺公園,鳳山區,10,22.6056100,120.3438400
501206023,五甲社區公園,鳳山區,18,22.6166400,120.3488300
501206024,五甲社區公有停車場,鳳山區,15,22.6151800,120.3500900
501206025,國光安寧街口,鳳山區,16,22.6183200,120.3535200
501206026,安化門遺址,鳳山區,18,22.6214700,120.3575000
501206027,黃埔公園,鳳山區,15,22.6227200,120.3681880
501206028,瑞興兒童公園,鳳山區,17,22.6287600,120.3670700
501206029,鳳陽社區,鳳山區,14,22.6198900,120.3733200
501206030,光華安寧街口,鳳山區,15,22.6205100,120.3545200
501206031,鳳西羽球館西北側,鳳山區,20,22.6238010,120.3522822
501206032,捷運鳳山西站(2號出口),鳳山區,60,22.6253057,120.3485009
501206033,和德街公園,鳳山區,15,22.6184166,120.3609758
501206034,五甲國中,鳳山區,19,22.5994380,120.3281040
501206036,福誠國小,鳳山區,18,22.5973440,120.3252770
501206037,五甲公園南側,鳳山區,20,22.5924670,120.3231640
501206038,福誠高中,鳳山區,32,22.5892600,120.3230700
501206039,自強南進三街口,鳳山區,19,22.5903630,120.3295510
501206040,正義里活動中心,鳳山區,15,22.6026500,120.3401300
501206041,瑞興國小(博愛路),鳳山區,15,22.6299400,120.3691100
501206042,公二十七公園,鳳山區,15,22.5880400,120.3651800
501206043,過勇頂庄路口,鳳山區,15,22.5884460,120.3626950
501206044,文福兒童公園,鳳山區,16,22.6367170,120.3466910
501206045,文德國小,鳳山區,14,22.6405500,120.3526890
501206046,武松公園,鳳山區,14,22.6365500,120.3639700
501206047,五甲南榮兒童公園,鳳山區,14,22.6011747,120.3339530
501206048,南正兒童公園,鳳山區,15,22.5993568,120.3313158
501206049,五甲國小,鳳山區,11,22.5980040,120.3339520
501206050,五福公園,鳳山區,14,22.5885390,120.3277860
501206051,鳳西運動公園(五權南路),鳳山區,15,22.6218690,120.3527550
501206052,南和保安一街口,鳳山區,15,22.5921140,120.3368760
501206053,富新國慶九街口,鳳山區,12,22.5885500,120.3402000
501206054,鳳山區第二衛生所,鳳山區,17,22.5938300,120.3330300
501206055,國泰青年路口,鳳山區,14,22.6187200,120.3497500
501206056,頂庄頂明路口,鳳山區,10,22.5885144,120.3551263
501206057,博愛公園,鳳山區,15,22.6298600,120.3626900
501206058,忠孝國中(國興街),鳳山區,25,22.6188800,120.3460100
501206059,七聖街112巷口,鳳山區,15,22.6093900,120.3470400
501206060,新甲兒童公園,鳳山區,15,22.6076100,120.3431800
501206061,二甲里活動中心,鳳山區,16,22.5990400,120.3397400
501206063,捷運大東站(2號出口),鳳山區,20,22.6252100,120.3626100
501206064,鳳凌廣場,鳳山區,14,22.6234000,120.3559500
501206065,市議會(新址),鳳山區,28,22.6198100,120.3480400
501206066,鳳山行政中心東側,鳳山區,56,22.6297400,120.3443300
501206067,國立鳳新高中(新康街),鳳山區,39,22.6141700,120.3440100
501206068,中山公園,鳳山區,15,22.6142000,120.3605000
501206069,高雄監理所(武營),鳳山區,14,22.6142500,120.3366700
501206070,新甲國小,鳳山區,15,22.6127400,120.3403500
501206071,曹公圳公園,鳳山區,16,22.6203300,120.3601600
501206072,鳳東公園,鳳山區,15,22.6266900,120.3798100
501206073,武漢里活動中心,鳳山區,11,22.6109800,120.3360500
501206074,海光兒童公園,鳳山區,14,22.6317600,120.3681400
501206075,八仙公園,鳳山區,15,22.6155700,120.3547500
501206076,鳳儀書院,鳳山區,15,22.6274800,120.3597600
501206077,鳳山公園,鳳山區,15,22.5945600,120.3577400
501206078,中崙國中,鳳山區,16,22.6022300,120.3533700
501206079,牛潮埔公園,鳳山區,16,22.6463200,120.3704800
501206080,五甲社區活動中心,鳳山區,15,22.6151400,120.3482500
501206081,北昌北昌三街口,鳳山區,17,22.6451800,120.3725800
501206082,新泰兒童公園,鳳山區,15,22.6109200,120.3436100
501206083,中正預校,鳳山區,27,22.6071150,120.3586690
501206084,過埤兒童公園,鳳山區,16,22.5927500,120.3605100
501206085,中崙公園,鳳山區,16,22.5971300,120.3537100
501206086,北辰兒童公園,鳳山區,10,22.6404900,120.3653700
501206087,協和曹公路口,鳳山區,21,22.6306500,120.3575600
501206088,鳳山工業區,鳳山區,14,22.6146500,120.3323700
501206089,武慶武昌路口,鳳山區,14,22.6175600,120.3320300
501206090,黃埔新村,鳳山區,14,22.6200900,120.3639500
501206091,鳳山新城甲社區,鳳山區,14,22.6299500,120.3721100
501206092,海風社區公園,鳳山區,14,22.6331700,120.3747500
501206093,勝利建國路一段口,鳳山區,15,22.6353700,120.3744400
501206094,誠體誠智街口,鳳山區,12,22.6229500,120.3774000
501206095,公園二公園街口,鳳山區,17,22.5876800,120.3317600
501206096,中山東路5巷口,鳳山區,15,22.6206800,120.3625700
501206097,福安二街20巷39弄口,鳳山區,11,22.5896500,120.3329900
501206099,鳳山地政事務所(忠義街),鳳山區,19,22.6278200,120.3512500
501206100,中崙國小,鳳山區,13,22.5995000,120.3509200
501206101,NO.16藝術公園,鳳山區,20,22.6457500,120.3740800
501206102,青年公園,鳳山區,20,22.6293300,120.3490800
501206103,鳳翔國中,鳳山區,11,22.5969900,120.3471400
501206104,保安二鳳燕一街口,鳳山區,14,22.5991900,120.3423400
501206105,新強輜汽路口,鳳山區,16,22.6165900,120.3388200
501206106,鳳頂過雄一街口,鳳山區,15,22.5859900,120.3587000
501206107,五甲二路730巷口,鳳山區,12,22.5948400,120.3288800
501206108,明鳳公園,鳳山區,10,22.5887010,120.3341520
501206109,保泰保泰路370巷,鳳山區,10,22.6032900,120.3350800
501206110,文教公園,鳳山區,16,22.6337000,120.3510600
501206111,文華兒童公園,鳳山區,18,22.6345500,120.3514000
501206112,埤頂鳳埤街口,鳳山區,10,22.6297900,120.3807500
501206113,建國文英路口,鳳山區,12,22.6360900,120.3591700
501206115,山仔頂溝滯洪池,鳳山區,15,22.6344130,120.3792910
501206116,正義國小,鳳山區,13,22.6043100,120.3386700
501206117,武林輜汽路口,鳳山區,17,22.6159200,120.3345400
501206118,文山公兒三公園,鳳山區,18,22.6429900,120.3468000
501206119,鳳山中正國小,鳳山區,15,22.6274700,120.3738800
501206120,鳳山公28公園,鳳山區,10,22.6124500,120.3588400
501206121,北鳳山區清潔隊,鳳山區,15,22.6338600,120.3635100
501206122,青年光華路口,鳳山區,15,22.6218800,120.3493300
501206123,鳳甲公兒二公園,鳳山區,15,22.5952000,120.3418200
501206124,北門公園,鳳山區,12,22.6341200,120.3663300
501206125,八德八德路二段142巷口,鳳山區,10,22.6438600,120.3550600
501206126,八德路296巷文衡路口,鳳山區,12,22.6398300,120.3554100
501206127,文勇八德路口,鳳山區,10,22.6383500,120.3585400
501206128,公兒20公園,鳳山區,18,22.6341700,120.3486900
501206129,環河鳳東七街106巷口,鳳山區,14,22.6253100,120.3853700
501206130,五甲國中(龍成路),鳳山區,15,22.5982400,120.3292100
501206131,六成保南一路口,鳳山區,15,22.5878200,120.3490700
501206132,長樂和興街口,鳳山區,16,22.6171400,120.3559400
501206133,鳳埤鳳埤街50巷口,鳳山區,15,22.6292100,120.3795300
501206134,文福青年路口,鳳山區,20,22.6331000,120.3497800
501206135,鳳松博愛路口,鳳山區,15,22.6310500,120.3607000
501206136,台鐵鳳山車站(西側),鳳山區,20,22.6321000,120.3549800
501206137,勝利工協街口,鳳山區,20,22.6299500,120.3735900
501206138,五甲七老爺停車場,鳳山區,15,22.6013000,120.3415600
501206139,鳳山高中(文建街),鳳山區,46,22.6297300,120.3465400
501206140,海涵紅毛港路口,鳳山區,20,22.5914900,120.3448800
501206141,捷運鳳山國中站(3號出口),鳳山區,22,22.6251500,120.3736500
501206142,和德街公園(南側),鳳山區,20,22.6184300,120.3593800
501206143,家和五偉成街口,鳳山區,15,22.5861100,120.3445830
501206144,天天公園,鳳山區,16,22.6240000,120.3813700
501206145,中和公園,鳳山區,15,22.6262200,120.3460300
501206146,建國青年路口,鳳山區,14,22.6373500,120.3507800
501206147,杭州公園,鳳山區,15,22.6212300,120.3758000
501206148,環河鳳東三街口,鳳山區,15,22.6285900,120.3863500
501206149,福誠一三誠路口,鳳山區,15,22.5927700,120.3252600
501206150,富榮公園,鳳山區,16,22.5963600,120.3372200
501207001,捷運生態園區站(1號出口),左營區,44,22.6760400,120.3063100
501207002,微笑公園(文奇路側),左營區,17,22.6742400,120.3093600
501207003,博愛文奇路口南側,左營區,27,22.6731600,120.3047800
501207004,左營分局新莊派出所,左營區,10,22.6682700,120.3116300
501207005,重愛公園(文慈路側),左營區,17,22.6834000,120.3183900
501207006,微笑公園(崇德路8巷口),左營區,15,22.6731200,120.3095700
501207007,微笑公園(新庄仔路545巷口),左營區,19,22.6710200,120.3137000
501207008,榮德公園,左營區,18,22.6848100,120.3210500
501207009,福山國小,左營區,20,22.6842500,120.3159600
501207010,華夏西北扶輪公園(重愛路側),左營區,15,22.6875400,120.3130300
501207011,文藻外語大學正門,左營區,16,22.6708800,120.3180500
501207012,博愛重立路口南側,左營區,15,22.6796300,120.3089700
501207013,重仁兒童遊戲場(重仁路50巷口),左營區,20,22.6883100,120.3164000
501207014,幸福公園(高鐵路側),左營區,20,22.6896500,120.3112300
501207015,博愛明誠路口東南側,左營區,16,22.6603500,120.3032200
501207016,龍華國中(靠近自由二路6巷口),左營區,25,22.6586300,120.3090500
501207017,明誠自由路口(路口三處),左營區,23,22.6610700,120.3090900
501207018,光興裕誠路口東南側,左營區,15,22.6639800,120.3117200
501207019,裕誠裕誠472巷口(東西2側),左營區,18,22.6657900,120.3043400
501207020,裕誠富國路口(路口二處),左營區,19,22.6653600,120.3071300
501207021,自由自由三路101巷口西北側,左營區,15,22.6707100,120.3105900
501207022,微笑公園(天祥二路側),左營區,23,22.6688100,120.3136500
501207023,福山廣場(博愛四路側),左營區,16,22.6850700,120.3140700
501207024,重平兒童遊戲場,左營區,20,22.6843700,120.3112800
501207025,自由二路6巷至聖路口東側,左營區,14,22.6592900,120.3115600
501207026,原生植物園(靠高鐵路側),左營區,16,22.6828000,120.3032000
501207027,舊城國小(蓮潭路側),左營區,18,22.6828000,120.2924100
501207028,捷運巨蛋站(5號出口),左營區,60,22.6673000,120.3031700
501207029,福山公園(榮佑路側),左營區,19,22.6819300,120.3204900
501207030,捷運生態園區站(2號出口),左營區,50,22.6771000,120.3065900
501207031,裕誠富民路口東北側,左營區,16,22.6656600,120.3055700
501207032,大義國中(城峰路側),左營區,16,22.6751000,120.2909300
501207033,新莊華夏路口北側,左營區,21,22.6730000,120.2979700
501207034,三民家商(南屏路側),左營區,24,22.6664000,120.3002100
501207035,三民家商(裕誠路側),左營區,25,22.6659000,120.3023500
501207036,博愛明華路口東北側,左營區,15,22.6631900,120.3033600
501207037,文萊崇德路口西北側,左營區,16,22.6768900,120.3021300
501207038,左營忠信路8巷口西側,左營區,20,22.6762000,120.2867200
501207039,左營左營大路6巷口西側,左營區,20,22.6789700,120.2872100
501207040,軍校海功路口西側,左營區,15,22.6934000,120.2923400
501207041,公務人力發展中心(政德路側),左營區,35,22.6777000,120.3003400
501207042,左營區公所,左營區,16,22.6897900,120.2951600
501207043,明潭蓮潭路口東側,左營區,18,22.6900000,120.2991800
501207044,明誠富民路口(路口四處),左營區,21,22.6612000,120.3054000
501207045,勝利國小(南屏路側),左營區,20,22.6722000,120.2947000
501207046,捷運巨蛋站(4號出口),左營區,18,22.6674000,120.3034900
501207047,果貿公有市場西側,左營區,17,22.6689500,120.2872500
501207048,華夏兒童遊戲場(華夏路側),左營區,20,22.6818800,120.3061200
501207049,捷運凹子底站(3號出口),左營區,20,22.6577700,120.3031700
501207050,明誠富國路口東北側,左營區,16,22.6611700,120.3070800
501207052,新光國小(華夏路側),左營區,18,22.6806000,120.3049300
501207054,左營(舊城)車站,左營區,26,22.6742000,120.2936000
501207056,果峰果峰街50巷口北側,左營區,16,22.6705200,120.2872000
501207057,翠峰果峰街12巷口東側,左營區,20,22.6719600,120.2890900
501207058,蓮池潭兒童公園南區停車場,左營區,19,22.6864300,120.3024100
501207059,高鐵重信路口東側,左營區,19,22.6863400,120.3083000
501207060,捷運巨蛋站(3號出口),左營區,43,22.6659800,120.3031000
501207061,蓮池潭(高雄物產館),左營區,26,22.6805900,120.2974600
501207062,辛亥公有停車場,左營區,28,22.6646900,120.3101800
501207063,河堤公園(明誠二路側),左營區,31,22.6609000,120.3108000
501207064,左營國小,左營區,29,22.6905700,120.2924600
501207065,捷運世運站(1號出口),左營區,27,22.7007500,120.3020300
501207066,世運主場館,左營區,29,22.7025200,120.2925800
501207067,左營高中,左營區,56,22.6935500,120.2954800
501207068,高鐵左營站,左營區,31,22.6866700,120.3082700
501207069,孔營蓮潭路口,左營區,29,22.6879400,120.2975100
501207070,龍虎塔,左營區,28,22.6799300,120.2921000
501207071,福山廣場(文川路側),左營區,26,22.6858800,120.3140100
501207072,臺鐵新左營站,左營區,22,22.6885000,120.3074400
501207074,高雄榮總,左營區,38,22.6800300,120.3217200
501207075,自由黃昏市場,左營區,27,22.6721600,120.3113500
501207076,新光國小(曾子路側),左營區,18,22.6804800,120.3058900
501207077,新莊高中,左營區,29,22.6809600,120.3174900
501207078,海青工商,左營區,17,22.6744300,120.2864600
501207079,合群新城(緯九海景街口),左營區,16,22.6955100,120.2873800
501207080,富國公園,左營區,16,22.6638800,120.3067100
501207081,明德國小,左營區,14,22.6872600,120.2894800
501207082,新民國小,左營區,16,22.6763800,120.3126200
501207084,福山國中,左營區,35,22.6812500,120.3139400
501207085,新莊國小,左營區,15,22.6688600,120.3094100
501207086,文府國中,左營區,15,22.6915000,120.3161200
501207087,龍華國中(靠近大順一路口),左營區,16,22.6570800,120.3089100
501207088,介壽先鋒路口東南側,左營區,15,22.6812400,120.2828100
501207089,華夏西北扶輪公園(華夏路側),左營區,11,22.6866200,120.3123300
501207090,屏山國小,左營區,14,22.6937200,120.3019400
501207091,大義國中(翠華路側),左營區,16,22.6745100,120.2931600
501207092,微笑公園(博愛三路50巷口),左營區,32,22.6718400,120.3044800
501207093,龍華市場(忠言路側),左營區,12,22.6583500,120.3059600
501207094,文學公園(華夏路側),左營區,13,22.6891300,120.3180000
501207095,榮光公有停車場,左營區,10,22.6850600,120.3217300
501207096,文學公園(文學路),左營區,15,22.6899400,120.3184100
501207098,民族霞海路口,左營區,13,22.6899200,120.3214200
501207099,博愛重和路口(路口兩處),左營區,19,22.6841100,120.3129800
501207100,博愛扶輪公園(博愛四路側),左營區,22,22.6826700,120.3118300
501207101,新民國小(重立路232巷口),左營區,17,22.6760600,120.3146800
501207102,新民國小(重立路),左營區,18,22.6772800,120.3144200
501207103,崇實自助社區活動中心,左營區,12,22.6786200,120.2826200
501207104,自勉公園,左營區,11,22.6788200,120.2798700
501207105,臺鐵新左營站(站前一街東北側),左營區,25,22.6892300,120.3074700
501207106,合群新城(建業緯六路口),左營區,15,22.6977500,120.2864800
501207107,合群新城義區(海景街),左營區,10,22.6965900,120.2876600
501207108,半屏山登山南側步道入口,左營區,10,22.6914100,120.3029200
501207109,博愛四重仁路口,左營區,15,22.6873300,120.3165000
501207110,富民太原街口,左營區,15,22.6676600,120.3056200
501207111,實踐海景街口,左營區,13,22.6903000,120.2878800
501207112,海功海富路口,左營區,15,22.6937200,120.2892800
501207113,崇德翠華路口,左營區,20,22.6784700,120.2982900
501207114,華榮翠華路口,左營區,20,22.6716500,120.2913100
501207115,菜公公園,左營區,15,22.6752500,120.3158000
501207116,富國公園(安吉街),左營區,25,22.6644600,120.3076500
501207117,新莊翠華路口,左營區,25,22.6746600,120.2956300
501207118,介壽先勝路口,左營區,13,22.6811800,120.2808000
501207119,新庄仔博愛二路口(東南側),左營區,14,22.6699900,120.3041200
501207120,蓮潭滑水樂園,左營區,14,22.6784200,120.2954100
501207121,新莊一文上路口,左營區,17,22.6715400,120.3003100
501207122,博愛公園(立大路側),左營區,17,22.6780400,120.3060800
501207123,華夏民族一路口,左營區,15,22.6881400,120.3206000
501207124,龍德新大順一路口,左營區,16,22.6561000,120.3108300
501207125,博愛大順一路口(東北側),左營區,23,22.6564300,120.3033300
501207126,高鐵大中二路口,左營區,20,22.6849500,120.3058400
501208001,時代大道中華路口(西北側),前鎮區,34,22.5967500,120.3082500
501208002,捷運凱旋站(3號出口),前鎮區,29,22.5976000,120.3141800
501208003,捷運凱旋站(2號出口),前鎮區,24,22.5967300,120.3157000
501208004,前鎮地政事務所,前鎮區,12,22.5872300,120.3187400
501208005,同安德昌路口,前鎮區,15,22.5834100,120.3173500
501208006,前鎮國中(草衙一路),前鎮區,21,22.5838000,120.3221400
501208007,捷運草衙站(4號出口),前鎮區,30,22.5806400,120.3279500
501208008,港壽崇安街口,前鎮區,17,22.5718700,120.3308200
501208009,后安停車場,前鎮區,30,22.5733600,120.3222000
501208010,紅毛港國小,前鎮區,15,22.5844100,120.3345400
501208011,新光自強路口,前鎮區,37,22.6106500,120.3008400
501208012,民裕鄭和南路口(西南側),前鎮區,30,22.6067300,120.3142800
501208013,捷運獅甲站(4號出口),前鎮區,27,22.6061900,120.3076500
501208014,捷運獅甲站(3號出口),前鎮區,19,22.6065900,120.3079900
501208015,前鎮西甲敬老亭,前鎮區,15,22.6074400,120.3078400
501208016,中正高工(汕頭街口),前鎮區,22,22.6101700,120.3173500
501208017,崗山仔公園,前鎮區,15,22.6058500,120.3374000
501208018,高雄廣澤郵局,前鎮區,15,22.6159000,120.3105900
501208019,25號綠地公園,前鎮區,16,22.6164100,120.3157800
501208020,中正高工(黃埔街口),前鎮區,21,22.6115500,120.3177900
501208021,台鋁廣場,前鎮區,17,22.6043000,120.3037300
501208022,瑞北停車場,前鎮區,15,22.6089200,120.3297200
501208023,瑞祥高中,前鎮區,30,22.6017000,120.3252800
501208024,高雄市勞工局,前鎮區,21,22.5881900,120.3217400
501208026,前鎮區公所,前鎮區,21,22.5871000,120.3180100
501208027,中華復興路口(西南側),前鎮區,30,22.6061900,120.3043700
501208028,管仲沱江街口,前鎮區,16,22.6063200,120.3119800
501208029,獅甲社區(興仁國中棒球場),前鎮區,15,22.6020300,120.3033900
501208030,捷運獅甲站(2號出口),前鎮區,38,22.6058000,120.3085700
501208031,中山時代大道口(西北角),前鎮區,28,22.5987800,120.3133900
501208032,新光成功路口,前鎮區,34,22.6103000,120.2992500
501208033,光華公園,前鎮區,41,22.6085500,120.3164400
501208034,夢時代購物中心,前鎮區,19,22.5958600,120.3049300
501208035,捷運草衙站(1號出口),前鎮區,28,22.5795300,120.3290200
501208036,佛公國小,前鎮區,27,22.5738200,120.3200400
501208037,高雄市漁民服務中心,前鎮區,28,22.5721700,120.3174800
501208038,捷運前鎮高中站(1號出口),前鎮區,24,22.5881500,120.3219300
501208039,原住民故事館,前鎮區,22,22.5939200,120.3162400
501208040,中四中一路口,前鎮區,10,22.6016900,120.2917300
501208041,中鋼會館,前鎮區,15,22.6041100,120.3025300
501208042,朝陽寺,前鎮區,16,22.5775100,120.3220400
501208043,前鎮國中,前鎮區,16,22.5831100,120.3203500
501208044,五甲公園,前鎮區,15,22.5955300,120.3219900
501208045,台鋁廣場(成功二路),前鎮區,32,22.6033600,120.3020100
501208046,管仲民裕路口,前鎮區,16,22.6055700,120.3126700
501208047,瑞祥高中(凱旋四路),前鎮區,30,22.6031100,120.3240500
501208048,民權少康街口,前鎮區,23,22.6093300,120.3131000
501208049,興仁國中,前鎮區,16,22.5868200,120.3138200
501208050,瑞豐國中,前鎮區,20,22.6091000,120.3305700
501208051,輕軌軟體園區站,前鎮區,30,22.6051700,120.3006900
501208052,輕軌凱旋中華站,前鎮區,16,22.5935200,120.3112900
501208053,新光中山路口,前鎮區,21,22.6121300,120.3049100
501208054,中華忠勤路口,前鎮區,28,22.6052700,120.3049300
501208055,班超公園,前鎮區,20,22.6009600,120.3255700
501208056,二聖公園,前鎮區,27,22.6138500,120.3183000
501208057,高雄市政府消防局,前鎮區,28,22.5930900,120.3073500
501208058,聖和公園,前鎮區,16,22.6121100,120.3234900
501208059,高雄市圖書館總館,前鎮區,29,22.6106100,120.3021000
501208060,瑞豐公車總站,前鎮區,16,22.6061400,120.3387600
501208061,輕軌凱旋瑞田站,前鎮區,21,22.5991600,120.3198900
501208062,輕軌前鎮之星站,前鎮區,16,22.5963400,120.3153700
501208063,前鎮民權公園,前鎮區,16,22.6135100,120.3139700
501208064,北一路西十一街口,前鎮區,20,22.6053500,120.2884800
501208065,高雄加工出口區員工宿舍(擴建路),前鎮區,10,22.5909100,120.3043600
501208066,臨加東臨加北路口,前鎮區,12,22.5779600,120.3195800
501208067,新正薪醫院,前鎮區,10,22.6079700,120.3180200
501208068,前鎮高中(樹人路側),前鎮區,10,22.5875600,120.3206600
501208069,康定康定路166巷口,前鎮區,10,22.5893200,120.3163400
501208070,漁港草衙二路口,前鎮區,20,22.5815600,120.3228400
501208071,國慶明龍街口,前鎮區,11,22.5875400,120.3380000
501208072,前鎮圖書館,前鎮區,14,22.6024700,120.3334100
501208073,一心和平二路口,前鎮區,20,22.6070000,120.3202600
501208074,瑞福路公共停車場,前鎮區,19,22.6077000,120.3354300
501208075,英德街公有民營停車場,前鎮區,12,22.6138700,120.3224600
501208076,光華國中(和平二路),前鎮區,15,22.6115600,120.3224400
501208077,獅甲社區,前鎮區,10,22.6033100,120.3056900
501208078,正勤停車場,前鎮區,19,22.6043100,120.3091400
501208079,成功特殊教育學校,前鎮區,12,22.6056800,120.3023500
501208080,輕軌機廠站,前鎮區,14,22.6088400,120.3254300
501208081,輕軌凱旋二聖站,前鎮區,20,22.6117400,120.3267600
501208082,林森中華五路口,前鎮區,10,22.6095500,120.3036100
501208083,環區一環區四路口,前鎮區,11,22.5889600,120.2966600
501208084,瑞崗兒童遊戲場,前鎮區,11,22.6062500,120.3315000
501208085,獅甲公園,前鎮區,17,22.6121500,120.3064100
501208086,愛群國小,前鎮區,24,22.6150700,120.3129600
501208087,捷運三多商圈站(3號出口),前鎮區,31,22.6132300,120.3049200
501208088,凱旋一心一路口,前鎮區,20,22.6053200,120.3247800
501208089,西山兒童遊戲場,前鎮區,16,22.6096700,120.3103400
501208090,凱興凱旺街口,前鎮區,15,22.5923500,120.3218100
501208091,高雄軟體園區,前鎮區,30,22.6046200,120.2993870
501208092,三多桂林街口,前鎮區,15,22.6176300,120.3156600
501208093,鎮東公園,前鎮區,17,22.5920800,120.3091600
501208094,育群兒童遊戲場,前鎮區,16,22.6051300,120.3220200
501208095,勞工公園,前鎮區,25,22.6064800,120.3100500
501208096,廣西梧州街口,前鎮區,14,22.6152000,120.3157100
501208097,樂群國小,前鎮區,20,22.6074600,120.3229700
501208098,高雄捷運股份有限公司,前鎮區,15,22.5829800,120.3327200
501208099,中華中華五路939巷口,前鎮區,15,22.6005700,120.3064600
501208100,興東公園,前鎮區,19,22.6109600,120.3149400
501208102,時代大道時代南二路口,前鎮區,18,22.5974100,120.3111400
501208103,瑞南公園(瑞南街),前鎮區,15,22.5957700,120.3173700
501208104,文小九公園(鎮東五街),前鎮區,14,22.5887800,120.3114000
501208105,興仁公園(興旺路),前鎮區,15,22.5861200,120.3110700
501208106,民瑞中山三路口,前鎮區,16,22.6042600,120.3098900
501208107,光華鄭和南路口,前鎮區,19,22.6053100,120.3158500
501208108,籬仔內公園,前鎮區,19,22.6050700,120.3197600
501208109,翠亨北漁港路口,前鎮區,17,22.5840700,120.3252000
501208110,瑞祥高中(忠誠路),前鎮區,20,22.6004500,120.3239800
501208111,修文一心二路口,前鎮區,15,22.6118990,120.3095910
501208112,漁港南一興漁三路口,前鎮區,32,22.5672600,120.3159300
501208113,環區一南二路口,前鎮區,20,22.5975300,120.2939500
501208114,環區四南二路口,前鎮區,20,22.5958800,120.2913700
501208115,臨海工業區前鎮園區公園,前鎮區,15,22.5819600,120.3164500
501209001,捷運巨蛋站(2號出口),鼓山區,40,22.6648300,120.3031000
501209002,龍華國小,鼓山區,20,22.6549300,120.2974500
501209003,明誠馬卡道路口(東南側),鼓山區,14,22.6624900,120.2853900
501209004,明誠裕國街口,鼓山區,15,22.6610400,120.2935100
501209005,博愛大順路口,鼓山區,18,22.6558800,120.3032100
501209006,小鹿公園,鼓山區,19,22.6572900,120.2912800
501209007,民康兒童公園,鼓山區,15,22.6620100,120.2943500
501209008,捷運凹子底站(4號出口),鼓山區,86,22.6593800,120.3028600
501209009,美術東四美術北五街口(北側),鼓山區,20,22.6642900,120.2903900
501209010,內惟公園(新疆路側),鼓山區,14,22.6564900,120.2775800
501209011,凹子底森林公園(龍德路側),鼓山區,25,22.6604200,120.2972400
501209012,凹子底森林公園(明誠三路側),鼓山區,21,22.6609900,120.2991100
501209013,華榮慶豐路口,鼓山區,15,22.6678900,120.2957100
501209014,中華一路161巷口,鼓山區,12,22.6630900,120.2928600
501209015,逢甲翠華路397巷口(東南側),鼓山區,15,22.6631600,120.2842200
501209016,青海美術東二路口(西北側),鼓山區,29,22.6514500,120.2877500
501209017,美術東四美術東七街口(東北側),鼓山區,13,22.6620500,120.2904100
501209018,美術東二明誠路口(西南側),鼓山區,20,22.6611800,120.2883600
501209019,皮克尼克公園,鼓山區,25,22.6543800,120.2880100
501209020,鼓山高中,鼓山區,20,22.6513600,120.2750300
501209021,青海九如路口(東北側),鼓山區,14,22.6518200,120.2792700
501209022,哨船安海街口(東側),鼓山區,10,22.6190500,120.2692400
501209023,捷運西子灣站(2號出口),鼓山區,27,22.6211800,120.2752300
501209024,濱海臨海路口(西南側),鼓山區,22,22.6236400,120.2698700
501209025,哨船頭公園,鼓山區,15,22.6184500,120.2687700
501209026,捷運西子灣站(1號出口),鼓山區,17,22.6221260,120.2734810
501209027,中華藝校(美術東一路),鼓山區,19,22.6560300,120.2888100
501209028,鼓山分局新濱派出所,鼓山區,28,22.6222600,120.2754700
501209029,華榮公園,鼓山區,53,22.6644400,120.2969000
501209030,凹子底森林公園(神農路),鼓山區,18,22.6578700,120.2965900
501209031,凹子底森林公園(至聖路),鼓山區,30,22.6596100,120.2968400
501209032,西子灣風景區,鼓山區,28,22.6182400,120.2660900
501209033,南屏大順路口,鼓山區,20,22.6557800,120.2999100
501209034,青海鼓山路口,鼓山區,15,22.6517300,120.2762900
501209035,哈瑪星鐵道文化園區(臨海新路),鼓山區,28,22.6203400,120.2771100
501209036,一號船渠景觀橋,鼓山區,16,22.6207900,120.2701300
501209037,願景橋,鼓山區,16,22.6508100,120.2875300
501209038,雄峰公園,鼓山區,16,22.6675400,120.2853000
501209039,中山大學社科院,鼓山區,30,22.6261700,120.2650400
501209040,中山大學海工館,鼓山區,31,22.6287500,120.2625900
501209041,明誠高中(華寧路),鼓山區,16,22.6674800,120.2922800
501209042,鼓山國小(臨海二路),鼓山區,15,22.6232900,120.2715500
501209043,龍勝大順路口,鼓山區,25,22.6545200,120.2956500
501209044,厚泰公有停車場西側,鼓山區,15,22.6461600,120.2787000
501209045,鼓山鼓山一路119巷口,鼓山區,16,22.6278500,120.2793700
501209046,台鐵美術館車站,鼓山區,22,22.6520400,120.2811100
501209049,輕軌內惟藝術中心,鼓山區,20,22.6550190,120.2824090
501209050,中華一路828號南側,鼓山區,13,22.6600200,120.2920900
501209051,中山大學工學院,鼓山區,24,22.6266600,120.2665900
501209052,中山大學圖資大樓,鼓山區,22,22.6270800,120.2661100
501209053,中華美術北三路口北側,鼓山區,20,22.6626700,120.2922200
501209054,中山大學材料大樓,鼓山區,10,22.6271000,120.2668900
501209055,裕興華泰路185巷口,鼓山區,14,22.6698400,120.2924200
501209056,裕誠美術館路口,鼓山區,15,22.6548400,120.2940000
501209057,鼓山區戶政事務所第二辦公處,鼓山區,10,22.6674300,120.2895200
501209058,裕誠富農路口,鼓山區,15,22.6565700,120.2940600
501209060,西藏翠華路口,鼓山區,20,22.6549000,120.2815900
501209061,中華郵政前峰郵局,鼓山區,13,22.6682800,120.2863100
501209062,鼓山國小(登山街),鼓山區,15,22.6244000,120.2722700
501209063,明華國中(南屏路),鼓山區,24,22.6623800,120.3001600
501209064,雄峰公園(鼓山三路),鼓山區,15,22.6676300,120.2822400
501209065,河邊興隆路口,鼓山區,15,22.6365100,120.2838400
501209066,美術東二美術北三路口,鼓山區,14,22.6632400,120.2886800
501209067,綠川河川街口,鼓山區,15,22.6352900,120.2837700
501209068,翠華日昌路口,鼓山區,17,22.6587300,120.2821300
501209069,中山大學體育館,鼓山區,18,22.6251300,120.2660700
501209070,中山大學西灣藝廊,鼓山區,17,22.6272700,120.2650300
501209071,中山大學海資館,鼓山區,17,22.6303700,120.2623400
501209072,龍德新自由一路口,鼓山區,20,22.6547700,120.3071200
501209073,青海公園,鼓山區,15,22.6514700,120.2836900
501209074,輕軌馬卡道站,鼓山區,23,22.6475700,120.2813300
501209075,內惟國小(鼓山三路),鼓山區,16,22.6565640,120.2754220
501209076,高雄市立圖書館鼓山分館,鼓山區,13,22.6535100,120.2756800
501209077,前峰兒童遊戲場,鼓山區,15,22.6655400,120.2843400
501209078,中華一青海路口,鼓山區,13,22.6510900,120.2917400
501209079,內惟車站(翠華路),鼓山區,25,22.6662100,120.2870500
501209080,內惟車站(馬卡道路),鼓山區,21,22.6654000,120.2870300
501209081,翠華葆楨路口,鼓山區,15,22.6611800,120.2834900
501209082,桃子園鼓山三路(東南側),鼓山區,30,22.6711900,120.2855400
501209083,中華翠華路口,鼓山區,20,22.6676000,120.2881600
501209084,美術北三馬卡道路口,鼓山區,20,22.6642400,120.2861700
501209085,鼓山車站,鼓山區,16,22.6418300,120.2805100
501209086,龍德新新順路口,鼓山區,18,22.6544000,120.3056700
501209087,七賢國中(美術東四路),鼓山區,21,22.6587100,120.2901200
501209088,壽山國中,鼓山區,15,22.6328700,120.2784500
501209090,富農龍德路口,鼓山區,14,22.6564800,120.2974300
501209091,美術東四美術東一路口,鼓山區,16,22.6558900,120.2901800
501209092,內惟公園(九如四路側),鼓山區,16,22.6580000,120.2788100
501209093,大榮高中,鼓山區,15,22.6530600,120.2791900
501209094,青海美術東四路口,鼓山區,16,22.6512800,120.2892300
501209095,中華美明路口,鼓山區,14,22.6647500,120.2920900
501209096,鼓山鼓山三路209巷口,鼓山區,15,22.6651100,120.2803700
501209097,鼓山鼓山三路153巷口,鼓山區,15,22.6624100,120.2779600
501209098,壽山動物園停車場,鼓山區,15,22.6347000,120.2803700
501210001,捷運世運站(2號出口),楠梓區,20,22.7023000,120.3022800
501210002,捷運油廠國小站(2號出口),楠梓區,20,22.7091300,120.3019900
501210003,歡樂17停車場,楠梓區,15,22.7103800,120.2927300
501210004,七號公園(加昌路側),楠梓區,20,22.7148000,120.2961900
501210005,加昌兒童遊戲場,楠梓區,20,22.7183200,120.2965900
501210006,大學西路口(第一綜合大樓),楠梓區,31,22.7301700,120.2785000
501210007,藍田公園(高雄大學路側),楠梓區,15,22.7286800,120.2849900
501210008,土庫清豐二路口東北側,楠梓區,28,22.7362400,120.3301200
501210009,楠梓國小,楠梓區,14,22.7327700,120.3281300
501210010,楠梓區公所,楠梓區,15,22.7287000,120.3263900
501210011,楠陽國小,楠梓區,15,22.7249500,120.3299800
501210012,高雄少年及家事法院,楠梓區,15,22.7310100,120.3354500
501210013,惠民里集會所,楠梓區,15,22.7321700,120.3228700
501210014,惠民公有停車場,楠梓區,15,22.7233600,120.2941400
501210015,仁昌里公園,楠梓區,15,22.7222300,120.2943200
501210016,德民藍昌路口東側,楠梓區,15,22.7219800,120.2910500
501210017,加昌國小(智群路側),楠梓區,14,22.7199100,120.2979400
501210018,榮新加昌路口南側,楠梓區,14,22.7143700,120.2973300
501210019,捷運都會公園站(3號出口),楠梓區,25,22.7304600,120.3210000
501210020,高雄都會公園(德民路側),楠梓區,15,22.7309900,120.3159900
501210021,後勁公園,楠梓區,19,22.7236900,120.3164200
501210022,楠梓和平公園,楠梓區,15,22.7223300,120.3124500
501210023,捷運楠梓加工區站(2號出口),楠梓區,22,22.7183400,120.3067100
501210024,翠屏里活動中心(德賢路530巷口),楠梓區,15,22.7271500,120.3019200
501210025,普同精舍,楠梓區,14,22.7275400,120.2980100
501210026,德民路356巷德賢路口西北側,楠梓區,15,22.7267700,120.3045000
501210027,楠梓高中,楠梓區,61,22.7445600,120.3313000
501210028,清豐公園,楠梓區,15,22.7352500,120.3366300
501210029,清豐公有停車場,楠梓區,13,22.7378600,120.3276100
501210030,幸福新城,楠梓區,16,22.7233700,120.2913000
501210031,秀群加宏路口東側,楠梓區,18,22.7187300,120.2988000
501210032,右昌元帥府,楠梓區,15,22.7107700,120.2894000
501210033,右昌國中,楠梓區,14,22.7132800,120.2867500
501210034,捷運楠梓加工出口區站(1號出口),楠梓區,42,22.7185700,120.3061600
501210035,加昌國小,楠梓區,24,22.7214900,120.2965900
501210036,捷運都會公園站(4號出口),楠梓區,27,22.7302100,120.3205300
501210037,國立高雄科技大學第一校區,楠梓區,20,22.7527000,120.3313900
501210038,高雄市立圖書館右昌分館,楠梓區,17,22.7155800,120.2902100
501210039,高雄大學,楠梓區,29,22.7326300,120.2842500
501210040,市立中山高級中學(藍田路側),楠梓區,52,22.7273600,120.2919500
501210041,高雄市區監理所,楠梓區,15,22.7311300,120.3170400
501210042,德賢德惠路口西北側,楠梓區,28,22.7262300,120.3025000
501210043,捷運後勁站(1號出口),楠梓區,17,22.7225400,120.3164000
501210044,臺灣高雄少年及家事法院(常順街),楠梓區,16,22.7326100,120.3351200
501210045,清豐土庫路口,楠梓區,16,22.7362900,120.3314600
501210046,七號公園(加宏路側),楠梓區,20,22.7176800,120.2955100
501210047,國昌國中,楠梓區,16,22.7191700,120.2860000
501210048,捷運油廠國小站(1號出口),楠梓區,13,22.7078300,120.3020500
501210049,翠屏兒童遊戲場,楠梓區,10,22.7284900,120.3012300
501210050,楠梓車站,楠梓區,30,22.7269100,120.3245200
501210051,高雄大學理學院南側,楠梓區,15,22.7351400,120.2859000
501210052,高雄大學社科院西側,楠梓區,17,22.7359100,120.2808800
501210053,高雄大學第一宿舍東側,楠梓區,32,22.7358400,120.2779900
501210054,高雄大學(大學西路側),楠梓區,23,22.7321000,120.2764100
501210055,楠梓區九號公園,楠梓區,14,22.7165200,120.2829200
501210056,益群橋東南側,楠梓區,13,22.7256200,120.2966300
501210057,榮新公園西南側,楠梓區,17,22.7124500,120.2984900
501210058,樂活公園(大學二十六街),楠梓區,15,22.7260300,120.2755900
501210059,大學二十一路公園,楠梓區,15,22.7213300,120.2775900
501210060,外環西加昌路口,楠梓區,17,22.7162000,120.3009300
501210061,外環西創意南路口,楠梓區,20,22.7132800,120.3021500
501210062,創新公園,楠梓區,15,22.7422800,120.3262300
501210063,立民公有停車場,楠梓區,30,22.7421200,120.3366500
501210064,高雄市立圖書館楠仔坑分館,楠梓區,17,22.7313900,120.3288800
501210065,清福公園,楠梓區,10,22.7411000,120.3293800
501210066,楠梓游泳池,楠梓區,20,22.7336600,120.3315500
501210067,新建南新開發路口,楠梓區,16,22.7234300,120.3101200
501210068,中央開發路口,楠梓區,14,22.7212600,120.3047900
501210069,經六開發路口,楠梓區,15,22.7201600,120.3010200
501210070,研發創意北路口,楠梓區,20,22.7140000,120.2998500
501210071,中央中三街口,楠梓區,13,22.7242500,120.3035100
501210072,國昌里公園,楠梓區,15,22.7212800,120.2875700
501210073,世運大道,楠梓區,14,22.7010000,120.2982200
501210075,楠梓路1巷楠梓路口,楠梓區,10,22.7275800,120.3296100
501210076,芎蕉公園,楠梓區,16,22.7498000,120.3288600
501210077,大學三十二街公園,楠梓區,15,22.7313200,120.2923700
501210078,大學西大學十街口,楠梓區,15,22.7243400,120.2814900
501210079,高雄科大第一西校區游泳池,楠梓區,17,22.7547900,120.3315100
501210080,高雄科大第一東校區財金學院,楠梓區,15,22.7556100,120.3346100
501210081,高雄科大第一東校區校門,楠梓區,12,22.7586400,120.3361600
501210082,高雄科大第一東校區第三停車場,楠梓區,18,22.7572500,120.3395700
501210083,右昌國小(後昌路),楠梓區,16,22.7156400,120.2929100
501210084,右昌森林公園(後昌新路58巷),楠梓區,15,22.7195700,120.2928900
501210085,下鹽田三欉榕公園(大學十一街),楠梓區,15,22.7261000,120.2875500
501210086,援中德中路口(西南側),楠梓區,15,22.7209100,120.2803200
501210087,盛泰公園,楠梓區,15,22.7309400,120.3315200
501210088,高雄大學管理學院,楠梓區,20,22.7331000,120.2875400
501210089,高雄大學(大學南路側),楠梓區,17,22.7325600,120.2898600
501210090,鳳楠經建路口,楠梓區,15,22.7227500,120.3314000
501210091,大昌無菸公園,楠梓區,15,22.7082000,120.2891300
501210092,廣昌公園,楠梓區,14,22.7059000,120.2870400
501210093,楠梓特殊學校,楠梓區,20,22.7280300,120.3127700
501210094,創新芎林一街口,楠梓區,16,22.7503900,120.3314600
501210095,高雄大學行政大樓,楠梓區,20,22.7346400,120.2834500
501210096,援中港濕地公園,楠梓區,14,22.7210300,120.2587500
501210097,中和兒童公園,楠梓區,20,22.7230800,120.2808500
501210098,宏昌兒童遊戲場(加宏路191巷),楠梓區,17,22.7155700,120.2946500
501210099,惠智惠勇街口,楠梓區,15,22.7349700,120.3238500
501210100,大學援中路68巷口,楠梓區,15,22.7279800,120.2946000
501210101,愛國超市(德賢店),楠梓區,15,22.7267800,120.3075800
501210102,高雄大學活動中心,楠梓區,20,22.7322300,120.2804730
501210103,金富金和街口,楠梓區,20,22.7260100,120.3194700
501210104,經一東三街口,楠梓區,20,22.7215500,120.3087500
501210105,莒光國小(後昌路782巷),楠梓區,15,22.7114200,120.2963500
501210106,楠梓文中足球場,楠梓區,15,22.7254000,120.2858900
501210107,楠梓國中,楠梓區,20,22.7359200,120.3259900
501210108,土庫公園,楠梓區,15,22.7372300,120.3330100
501210109,都會公園停車場(德民路),楠梓區,15,22.7324200,120.3191200
501210110,惠義惠心街口,楠梓區,20,22.7309000,120.3244800
501210111,援中大學十七街口,楠梓區,30,22.7227900,120.2847000
501210112,中山高級中學(藍昌路側),楠梓區,16,22.7296000,120.2921400
501210113,內環南經五路口,楠梓區,13,22.7175200,120.3033400
501210114,經四開發路口,楠梓區,16,22.7211000,120.3034700
501210115,中三經五路口,楠梓區,18,22.7234400,120.3011100
501211001,高雄科技大學旗津校區,旗津區,38,22.6082500,120.2722600
501211002,高雄市立旗津醫院(旗港路),旗津區,15,22.5901400,120.2851900
501211003,中洲渡輪船站,旗津區,10,22.5756100,120.2989700
501211004,旗津漁港公有停車場,旗津區,15,22.5897700,120.2871900
501211005,旗津貝殼館,旗津區,19,22.6007600,120.2746400
501211006,旗津海水浴場,旗津區,17,22.6107900,120.2675800
501211007,旗津海岸公園停車場,旗津區,19,22.6089900,120.2689800
501212001,宏平大鵬路口,小港區,16,22.5697600,120.3579900
501212002,捷運小港站(2號出口),小港區,14,22.5641300,120.3546000
501212003,捷運小港站(1號出口),小港區,15,22.5638000,120.3546100
501212004,德平街兒童遊戲場,小港區,16,22.5641700,120.3496800
501212005,高雄公園(中山四路),小港區,15,22.5693400,120.3466700
501212006,大業北二苓路口,小港區,15,22.5657400,120.3460000
501212007,合作公園(金城路),小港區,16,22.5821500,120.3657000
501212008,合作公園(勝安街),小港區,12,22.5821500,120.3642200
501212009,中山國中(漢民路),小港區,17,22.5667500,120.3548200
501212010,高雄宏平郵局,小港區,12,22.5699200,120.3596300
501212011,漢民公園(漢民路),小港區,30,22.5667600,120.3581000
501212012,華立兒童公園,小港區,13,22.5640200,120.3685300
501212013,高餐大附中,小港區,23,22.5662700,120.3721800
501212014,高雄市社教館,小港區,21,22.5652000,120.3586200
501212015,捷運高雄國際機場站(1號出口),小港區,28,22.5694200,120.3437300
501212016,捷運小港站(4號出口),小港區,27,22.5647900,120.3536600
501212017,平和路公共停車場,小港區,28,22.5627400,120.3354600
501212018,翠平公園,小港區,19,22.5700100,120.3357500
501212019,步道公園,小港區,16,22.5647510,120.3314800
501212020,空中大學,小港區,15,22.5665700,120.3455000
501212021,桂陽公園,小港區,32,22.5819600,120.3506000
501212022,臨海兒童公園,小港區,16,22.5582000,120.3355300
501212023,中鋼台船,小港區,27,22.5541400,120.3475700
501212024,小港醫院,小港區,29,22.5677200,120.3628100
501212025,小港森林公園(華山路),小港區,15,22.5677900,120.3666000
501212026,小港區公所,小港區,23,22.5650700,120.3383900
501212027,山明北林路口,小港區,15,22.5655900,120.3642800
501212028,小港森林公園(高松路),小港區,15,22.5727800,120.3667300
501212029,小港森林公園(近營口路),小港區,15,22.5726300,120.3707400
501212030,中安保華一路口,小港區,15,22.5839800,120.3462000
501212031,高雄市立圖書館小港分館,小港區,15,22.5606300,120.3703200
501212032,明義國中(高鳳路),小港區,16,22.5843000,120.3686700
501212033,莿蔥腳濕地公園,小港區,10,22.5708000,120.3762700
501212034,中光街22巷口停車場,小港區,15,22.5715100,120.3558000
501212035,崇本崇明街10巷口,小港區,10,22.5713100,120.3334200
501212036,大坪頂公園,小港區,12,22.5632900,120.3884500
501212037,坪頂國小,小港區,10,22.5612500,120.3914000
501212038,高雄市熱帶植物園,小港區,10,22.5557800,120.3889500
501212039,松崗停車場,小港區,15,22.5747700,120.3739700
501212040,高坪五十路口,小港區,12,22.5555700,120.3861400
501212041,天順港福街29巷口,小港區,11,22.5685100,120.3342300
501212043,捷運小港站(3號出口),小港區,21,22.5659300,120.3530100
501212044,泰山兒童遊戲場,小港區,12,22.5717700,120.3630000
501212045,小港森林公園(秀峰街),小港區,20,22.5680900,120.3707100
501212046,宏平沿海一路口,小港區,20,22.5694700,120.3501300
501212047,宏光宏智街口,小港區,20,22.5694000,120.3631700
501212048,餐旅大學(松信路),小港區,40,22.5608000,120.3736100
501212049,台機大地街口,小港區,30,22.5610800,120.3475700
501212050,孔宅兒童遊戲場,小港區,15,22.5803200,120.3716200
501212051,宏平金府路口,小港區,16,22.5697300,120.3544000
501212052,店鎮公園,小港區,15,22.5605900,120.3551600
501212053,中安德仁路口,小港區,15,22.5848380,120.3491400
501212054,高坪高坪二十二路口,小港區,15,22.5545300,120.3768800
501212055,大苓里公園,小港區,16,22.5673500,120.3480200
501212056,廈莊兒童公園,小港區,15,22.5821300,120.3611000
501212057,漢民宮安街口,小港區,15,22.5626900,120.3496500
501212058,永忠兒童遊戲場,小港區,15,22.5644200,120.3665400
501212059,松樂松光街95巷口,小港區,14,22.5686100,120.3775800
501212060,孔鳳兒童遊戲場,小港區,12,22.5823900,120.3574900
501212061,桂林兒童遊戲場,小港區,16,22.5804900,120.3540300
501212062,小港國中,小港區,22,22.5663200,120.3385400
501212063,中安桂平街口,小港區,16,22.5849900,120.3523700
501213001,蚵仔寮觀光魚市,梓官區,14,22.7271200,120.2555200
501213002,蚵寮國中,梓官區,8,22.7285500,120.2586600
501213003,中正港六街口,梓官區,10,22.7275800,120.2573700
501213004,蚵寮國小,梓官區,10,22.7340100,120.2495300
501213005,梓官國小,梓官區,10,22.7603700,120.2645300
501213006,梓平公園,梓官區,10,22.7546300,120.2675000
501213007,梓和公園,梓官區,10,22.7575700,120.2649300
501213008,梓官老人日照中心,梓官區,15,22.7591300,120.2685900
501213009,大舍南大舍南路96巷口,梓官區,12,22.7449400,120.2622700
501213010,梓信社區活動中心,梓官區,15,22.7645800,120.2643800
501213011,信蚵里社區聯合活動中心,梓官區,15,22.7294900,120.2546500
501214001,後備指揮部,仁武區,13,22.6722145,120.3313256
501214002,古文物公園,仁武區,15,22.6789356,120.3453803
501214003,慈惠公園,仁武區,15,22.6763956,120.3478232
501214005,仁慈公園,仁武區,16,22.6718710,120.3577460
501214006,北屋滯洪公園,仁武區,14,22.6804800,120.3341500
501214007,承德公園,仁武區,12,22.6846057,120.3424083
501214008,八卦國小,仁武區,14,22.6898618,120.3325860
501214009,八德停車場,仁武區,13,22.6810230,120.3401810
501214010,高楠五高楠四街口,仁武區,10,22.6921003,120.3244006
501214011,仁和公園,仁武區,16,22.6811000,120.3518000
501214012,大灣國中,仁武區,15,22.6766100,120.3419500
501214013,八卦休閒公園,仁武區,16,22.6901100,120.3374200
501214015,仁武區運動公園,仁武區,15,22.7036300,120.3451400
501214016,八卦里滯洪公園,仁武區,14,22.6835300,120.3290400
501214017,霞海東二霞海中街口,仁武區,11,22.6885700,120.3242400
501214018,育才公21停車場,仁武區,15,22.6742900,120.3509500
501214019,勇全赤誠街口,仁武區,14,22.6733000,120.3443600
501214020,八德一八德中路口,仁武區,20,22.6870400,120.3365500
501214021,澄合段停九停車場,仁武區,15,22.6875010,120.3470010
501214022,文武公園,仁武區,12,22.6966400,120.3509500
501214023,中華里活動中心,仁武區,13,22.7083600,120.3276000
501214024,仁和南中正路口,仁武區,12,22.7014200,120.3481100
501214025,高鐵左營基地,仁武區,15,22.6951700,120.3209200
501214026,八德東八德南路口,仁武區,13,22.6846700,120.3396900
501214027,八德重劃公園,仁武區,15,22.6822700,120.3435900
501214028,九番埤濕地公園,仁武區,17,22.6858200,120.3245800
501214029,霞海榮總路522巷口,仁武區,12,22.6877600,120.3231600
501214030,八卦里公有停車場,仁武區,15,22.6826500,120.3319200
501214031,仁林中華路口,仁武區,17,22.7030000,120.3542200
501214032,九番埤濕地公園(霞海南二街),仁武區,15,22.6810300,120.3242800
501214033,大灣綜合活動中心,仁武區,16,22.6764700,120.3377500
501214034,後安羽球館,仁武區,18,22.7085900,120.3476600
501215001,林園行政中心,林園區,14,22.5130500,120.3946800
501215002,幸福公園,林園區,17,22.5005390,120.3947778
501215003,中芸國小,林園區,20,22.4882200,120.3958300
501215004,林園區衛生所,林園區,14,22.5081000,120.3947200
501215005,王公國小,林園區,16,22.5056396,120.3886269
501215006,清水巖榕樹休憩公園,林園區,10,22.5218300,120.3907800
501215007,漁港公園,林園區,10,22.4859400,120.3993400
501215008,海洋濕地公園,林園區,14,22.4902800,120.3864900
501215009,田中央公園,林園區,15,22.5016700,120.3887800
501215010,沿海工業一路口,林園區,15,22.4991000,120.4060300
501216001,醒村(後門),岡山區,18,22.7832100,120.2847700
501216002,河華岡山路口南側,岡山區,13,22.8014900,120.2919900
501216003,岡山國中(岡燕路),岡山區,15,22.7917100,120.3038900
501216004,岡山公園(壽華路側),岡山區,15,22.7968400,120.2931200
501216005,岡山高中,岡山區,30,22.7969500,120.2908500
501216006,仁壽橋(溪東路側),岡山區,18,22.7937200,120.2907000
501216007,第六河川局,岡山區,17,22.7903900,120.2873300
501216008,仁壽橋(阿公店路二段側),岡山區,13,22.7945000,120.2898900
501216009,岡山和平公園,岡山區,15,22.7978260,120.3022770
501216011,岡山國中(大德二路側),岡山區,15,22.7897200,120.3038000
501216012,岡山區戶政事務所,岡山區,15,22.7975000,120.2945900
501216013,岡山河堤公園(仁義路側),岡山區,15,22.7860900,120.2951000
501216014,岡山稽徵所(健鷹南路側),岡山區,14,22.7850500,120.2909300
501216015,勵志新城(岡山路側),岡山區,19,22.7904800,120.2961100
501216016,岡山文化中心停車場,岡山區,15,22.7843700,120.2973300
501216017,中華民國空軍第三後勤指揮部,岡山區,15,22.7844800,120.2758900
501216018,航空教育展示館,岡山區,10,22.7946200,120.2713100
501216019,台灣滷味博物館停車場,岡山區,10,22.8184900,120.2677800
501216020,岡山車站,岡山區,34,22.7929000,120.2992100
501216021,捷運南岡山站(2號出口),岡山區,38,22.7813300,120.3016900
501216022,岡山國小,岡山區,16,22.7910900,120.2930500
501216023,河華前峰路口,岡山區,21,22.7987100,120.2838700
501216024,岡山平面停車場,岡山區,24,22.7918300,120.2962000
501216025,典寶溪A區滯洪池,岡山區,10,22.7819300,120.2861500
501216026,大遼友情路口(西北側),岡山區,10,22.7784700,120.3137300
501216027,前峰國中,岡山區,10,22.7887900,120.2890400
501216028,竹圍國小,岡山區,17,22.8031400,120.3018500
501216029,光潭路134巷光潭路116巷口,岡山區,15,22.7772800,120.2759300
501216030,空軍軍史館,岡山區,30,22.7846600,120.2721100
501216031,鹽埔農村社區活動中心,岡山區,15,22.7705400,120.2813800
501216032,典寶溪A區滯洪池(清水路),岡山區,15,22.7787600,120.2825400
501216033,岡山陽明公園,岡山區,15,22.7856800,120.2856500
501216034,河華壽華路口,岡山區,13,22.8012300,120.2912100
501216035,夢-飛翔公園,岡山區,15,22.7836200,120.3038200
501216036,前峰國小,岡山區,15,22.7915200,120.2831600
501216037,正氣兒童公園,岡山區,15,22.8092900,120.2813500
501216039,本洲里活動中心,岡山區,15,22.8098000,120.2612900
501216040,壽天國小,岡山區,17,22.7993000,120.2916500
501216041,台上里活動中心,岡山區,15,22.8061800,120.2968700
501216042,岡山文化中心(後門),岡山區,25,22.7825800,120.2993300
501217001,興達港情人碼頭,茄萣區,13,22.8790200,120.2110300
501217002,興達港立體停車場,茄萣區,10,22.8715400,120.1939100
501217003,興達國小,茄萣區,8,22.8756800,120.1968500
501217004,茄萣海岸公園,茄萣區,15,22.9080100,120.1770400
501217005,仁愛港東街口,茄萣區,10,22.8958200,120.1850200
501217006,茄萣濕地遊客中心,茄萣區,20,22.8831500,120.1975900
501217007,茄萣國中,茄萣區,15,22.9069160,120.1818900
501218001,正修科技大學東側,鳥松區,20,22.6493381,120.3508555
501218002,大埤調洪公園,鳥松區,15,22.6514720,120.3397950
501218003,大華里民活動中心,鳥松區,18,22.6553456,120.3409911
501218004,澄清湖,鳥松區,29,22.6535600,120.3492800
501218005,正修科技大學,鳥松區,28,22.6507000,120.3488000
501218006,文山高中,鳥松區,15,22.6484300,120.3539800
501218007,澄清湖(海洋奇珍園),鳥松區,13,22.6558600,120.3515500
501218008,澄清湖(仁智亭),鳥松區,31,22.6624900,120.3417900
501218009,長庚醫院,鳥松區,16,22.6504500,120.3577800
501218010,澄清湖(兒童園區),鳥松區,30,22.6581100,120.3461100
501218011,澄清湖(後門),鳥松區,15,22.6683300,120.3459100
501218012,澄清湖(第一停車場),鳥松區,29,22.6556100,120.3479700
501218013,圓山大飯店,鳥松區,15,22.6545800,120.3457600
501218014,憲兵204指揮部,鳥松區,15,22.6475200,120.3597400
501218015,三亭攬勝,鳥松區,15,22.6642500,120.3525800
501218016,育成琅環二街口,鳥松區,15,22.6659700,120.3588900
501218017,明湖澄湖路口,鳥松區,18,22.6657000,120.3540700
501218018,鳥松國小,鳥松區,13,22.6640500,120.3622400
501218019,仁美國小,鳥松區,15,22.6580522,120.3943110
501218020,江埤美德二街口,鳥松區,14,22.6519450,120.3904100
501218021,福德公園,鳥松區,15,22.6591000,120.3823400
501218022,大埤忠誠路口,鳥松區,15,22.6585000,120.3614200
501218023,華美里活動中心,鳥松區,15,22.6622900,120.3920300
501218024,大華夢公園,鳥松區,13,22.6517700,120.3435500
501219001,永芳公園,大寮區,14,22.6078300,120.3945900
501219002,慈惠醫院,大寮區,19,22.6386800,120.3975100
501219003,捷運大寮站(1號出口),大寮區,30,22.6207500,120.3907000
501219004,山頂國小,大寮區,16,22.6076600,120.3884100
501219005,中庄國小,大寮區,18,22.6344700,120.3973600
501219006,中庄國中,大寮區,24,22.6368400,120.4018600
501219007,新光高中,大寮區,20,22.6348000,120.3901000
501219008,翁公園,大寮區,18,22.6215000,120.4069500
501219009,後庄車站,大寮區,22,22.6398900,120.3901800
501219010,後庄國小,大寮區,15,22.6374200,120.3897100
501219011,和春技術學院大寮校區,大寮區,15,22.6343300,120.3916600
501219012,輔英科技大學,大寮區,40,22.6040200,120.3911300
501219013,和春技術學院大發校區,大寮區,15,22.6065900,120.4272900
501219014,大寮區公所,大寮區,17,22.6054000,120.3954600
501219015,昭明國小(鳳林一路184巷),大寮區,13,22.5411600,120.4091000
501219016,中庄社區發展協會,大寮區,10,22.6330900,120.4035700
501219017,仁忠仁忠路111巷口,大寮區,20,22.5925800,120.3991200
501219018,大寮國小,大寮區,12,22.5911400,120.4168500
501219019,三隆兒童公園,大寮區,10,22.5998800,120.4045300
501219020,大寮國中,大寮區,17,22.6029500,120.3926500
501219021,鳳林宣武路口,大寮區,13,22.6138500,120.3893400
501219022,捷運大寮機廠,大寮區,14,22.6251600,120.3872500
501219023,大寮運動公園,大寮區,11,22.6005000,120.3926600
501219024,潮寮國中,大寮區,15,22.5633800,120.4257000
501219025,琉球黃厝路口,大寮區,13,22.6148800,120.4099500
501220001,捷運青埔站(1號出口)東側,橋頭區,18,22.7442900,120.3178800
501220002,橋頭地檢署,橋頭區,17,22.7390800,120.3049000
501220003,竹林公園,橋頭區,16,22.7562900,120.3056300
501220004,橋頭車站,橋頭區,20,22.7610400,120.3100000
501220005,橋頭地方法院(新中五街),橋頭區,11,22.7374700,120.3042000
501220006,岡山養護工程隊,橋頭區,10,22.7455500,120.3106100
501220007,橋頭地方法院(橋新二路側),橋頭區,16,22.7375000,120.3066000
501220008,捷運青埔站(1號出口)西側,橋頭區,18,22.7439300,120.3174700
501220009,捷運橋頭糖廠站(1號出口),橋頭區,13,22.7524200,120.3142900
501220010,橋頭國中,橋頭區,18,22.7587800,120.3069400
501220011,一品公園,橋頭區,11,22.7635000,120.3018800
501220012,小機堡停車場,橋頭區,15,22.7554600,120.3130100
501220013,橋新一橋新八路口,橋頭區,19,22.7371600,120.3144100
501220014,橋新七新東一街口,橋頭區,15,22.7389800,120.3162800
501220015,橋新環新東一街口,橋頭區,16,22.7401500,120.3136900
501220016,甲圍公園,橋頭區,16,22.7387400,120.2964700
501220017,仕隆國小,橋頭區,15,22.7499900,120.3112200
501220018,五林國小,橋頭區,13,22.7592700,120.2940500
501220019,橋頭國小,橋頭區,14,22.7618300,120.3049500
501220020,成功南橋新六路口,橋頭區,17,22.7495400,120.3141100
501220021,橋都新南二街口,橋頭區,19,22.7330500,120.3018200
501221001,高雄市立圖書館湖內分館,湖內區,10,22.9066100,120.2238000
501222001,觀音牛路巷公園,大社區,11,22.7276649,120.3510808
501222002,文中二公園,大社區,14,22.7341200,120.3512500
501222003,金龍路46巷,大社區,10,22.7290485,120.3536578
501222005,中里社區公園,大社區,10,22.7230700,120.3523700
501222006,觀音山腳休息區,大社區,12,22.7297400,120.3698700
501222007,大社區公所,大社區,13,22.7300000,120.3466400
501222008,大社國中(中山路),大社區,15,22.7308500,120.3556600
501223001,彌陀漁民活動中心,彌陀區,10,22.7614300,120.2347000
501223002,高雄市立圖書館彌陀公園分館,彌陀區,10,22.7853800,120.2463000
501223003,彌陀國中,彌陀區,15,22.7769000,120.2469400
501223004,漯底山自然公園,彌陀區,14,22.7710500,120.2534300
501224001,路竹夜市,路竹區,20,22.8537720,120.2626930
501224002,高科運動公園,路竹區,15,22.8281400,120.2567100
501224003,路竹高中,路竹區,15,22.8549300,120.2528900
501224004,路竹區戶政事務所,路竹區,12,22.8553600,120.2596200
501224005,路科宿舍,路竹區,15,22.8442100,120.2455000
501224006,高苑科技大學生化大樓,路竹區,15,22.8429900,120.2663500
501224007,高苑科技大學視聽大樓,路竹區,30,22.8414300,120.2676100
501224008,路竹運動公園,路竹區,15,22.8615700,120.2665400
501224009,大湖車站,路竹區,20,22.8781200,120.2539000
501224010,樹人醫護管理專科學校,路竹區,18,22.8816470,120.2607010
501224011,路科六路科一路口,路竹區,20,22.8334300,120.2626300
501225001,阿蓮國中,阿蓮區,14,22.8853100,120.3256600
501225002,阿蓮區公所,阿蓮區,13,22.8830500,120.3272800
501225003,阿蓮國小,阿蓮區,15,22.8827800,120.3300800
501225004,南蓮停車場,阿蓮區,10,22.8791200,120.3297600
501226001,舊鐵橋生態公園,大樹區,15,22.6645800,120.4272000
501226002,舊鐵橋濕地公園,大樹區,15,22.6621220,120.4268080
501226003,九曲堂火車站(前站),大樹區,32,22.6567900,120.4208400
501226004,九曲堂火車站(後站),大樹區,15,22.6564600,120.4218700
501226005,大樹綜合體育館,大樹區,15,22.6566800,120.4247400
501226006,高雄市立圖書館大樹二館,大樹區,10,22.6579200,120.4181400
501227001,永安區休閒公園,永安區,10,22.8186800,120.2263900
501228001,燕巢區公所,燕巢區,14,22.7881000,120.3624200
501228002,兒二公園,燕巢區,10,22.7930600,120.3664300
501228003,阿公店水庫停車場,燕巢區,25,22.8014400,120.3571100
501228004,阿公店森林公園,燕巢區,16,22.8113900,120.3438800
501228005,高雄市立圖書館燕巢分館,燕巢區,10,22.7933400,120.3621800
501228006,西燕公園,燕巢區,10,22.7939500,120.3581700
501228008,角宿天后宮活動中心,燕巢區,16,22.7702800,120.3599200
501228009,東側兒一公園,燕巢區,10,22.7964000,120.3267800
501228010,鳳雄國小,燕巢區,12,22.7534700,120.3581200
501229001,鼓山國小(延平一路),旗山區,15,22.8983400,120.4827900
501229002,旗山老街(華中街),旗山區,12,22.8880400,120.4816600
501229003,旗山武德殿,旗山區,29,22.8881400,120.4803300
501229004,旗山轉運站,旗山區,15,22.8837900,120.4847000
501229005,旗山區公所,旗山區,16,22.8885900,120.4832800
501229006,中華光復一街路口,旗山區,16,22.8814600,120.4844800
501229007,旗糖農創園區,旗山區,18,22.8780400,120.4961900
501229008,旗糖農創園區(停車場),旗山區,20,22.8817400,120.4912700
501230001,美濃湖(民權路),美濃區,15,22.9076100,120.5515900
501230002,雙峰公園停車場,美濃區,15,22.9016800,120.5421200
501230003,高雄市立圖書館美濃分館,美濃區,15,22.9001500,120.5420100
501235001,甲仙親水公園停車場,甲仙區,15,23.0824400,120.5869800
